driverId,name,ssn,location,certified,wage-plan
10,Robert Sellers,875-76-8962,"1102 Nicole Estate Apt. 554
West Thomas, PR 50524",Y,hours
11,James Garcia,546-66-5369,"549 Grace Mission
Delgadobury, AR 99718",N,miles
12,Alison Wilson,623-24-0247,"593 Melissa Unions Suite 744
Pattonland, SC 43558",Y,miles
13,John Hahn,563-52-2048,"Unit 7602 Box 4845
DPO AA 54484",N,hours
14,Kimberly Vaughn,137-03-4313,"379 Rivas Plain Suite 240
Erinmouth, AZ 88150",N,hours
15,Mark Bright,550-67-1089,"988 Jennifer Lock
South Diane, NM 25348",N,miles
16,Pamela Rodriguez,731-80-7289,"26119 Adams Plaza Suite 231
Port Peter, OH 37789",Y,hours
17,Karen Vazquez,773-82-7723,"17803 Mcbride Crossroad
Comptonshire, ID 26326",N,miles
18,Thomas Hansen,653-10-8869,"259 Whitney Drive
Williamsberg, NY 49408",Y,hours
19,Anna Krueger,190-02-2813,"797 Allison Forest
Alvarezfurt, ID 11032",N,miles
20,Laura Sheppard,079-80-8405,"3659 Kelly Canyon Apt. 794
North Elizabeth, AZ 30677",Y,hours
21,Katherine Martin,125-98-0921,"560 Dana Alley Apt. 604
Sandersshire, MA 78184",Y,miles
22,Nancy Huffman,691-11-0867,"1463 Terry Junction Suite 164
Fernandezchester, NC 21114",N,hours
23,Raymond Henry,861-82-8327,"868 Sandra Junctions Apt. 283
Snydermouth, TX 49734",N,miles
24,Carolyn Davis,285-42-0506,"358 Cheryl Manor
Gonzaleztown, AR 58972",N,miles
25,Savannah Smith,864-21-9503,"90293 Angela Run
Edwardsville, TX 27191",N,miles
26,Emily Allen,013-48-2289,"907 Mckenzie Lake
Cunninghamtown, WI 73932",N,miles
27,Carl Mccormick,822-19-7181,"87432 David Lock
Moralesmouth, WV 06109",N,hours
28,Steven Pierce,706-46-7878,"9190 Roberts Centers Apt. 140
Shawberg, MA 86294",N,hours
29,Antonio Bailey,334-62-6312,"410 Edward Road Suite 379
Josephburgh, MS 98344",N,miles
30,Sydney Tyler,422-38-7074,"3784 William Summit Suite 118
West Thomasshire, KS 04555",N,hours
31,Susan Kirk,419-75-9365,"431 Theodore Viaduct
South Josephton, HI 01112",N,hours
32,Molly Blackburn,603-49-6661,"910 Phillips Circle Suite 208
South Beverlychester, GA 39498",Y,hours
33,Brian Graham,312-15-3600,"01240 Lowe Streets Suite 250
Gibsonbury, MI 48800",N,miles
34,Elijah Weaver,114-35-0354,"06018 Jones Lodge
Nguyenstad, CO 12309",Y,hours
35,Angela Contreras,072-19-8148,"44742 Mark Land
South Roberto, PW 64411",Y,miles
36,Joseph Costa,521-21-6486,"760 Mclean Springs
Bryanmouth, MD 03472",N,miles
37,Molly Jones,328-89-2931,"386 Thompson Knoll Suite 462
East Charles, SD 28937",Y,miles
38,Eileen Brandt,560-54-9366,"7340 Heather Stravenue Suite 205
Robertsstad, MH 69959",N,hours
39,Tamara Wolfe,356-99-9523,"022 Martin Junctions
Smithton, KS 43940",N,miles
40,Joseph Thompson,750-04-4028,"03328 Stacy Extensions Apt. 693
Rodriguezbury, PA 90507",N,miles
41,Regina Craig,530-71-9629,"377 Spencer Turnpike Apt. 641
Port Jeff, LA 05013",N,hours
42,Mr. Peter Conrad MD,422-41-6310,"3519 Elizabeth Lodge Suite 657
New Jorgetown, CO 75134",N,hours
43,Matthew Garcia,603-13-2849,"1307 James Route
Kelleytown, WY 85096",N,hours
44,Monica Jenkins,674-31-9148,"6009 Crystal Fort Apt. 423
South Jennifer, TX 73097",Y,hours
45,Mary Fitzgerald,171-46-3766,"06509 Max Canyon
Justinmouth, KS 93264",N,miles
46,David White,321-96-6107,"1819 Michael Burg
Lake Theresa, GA 08249",N,hours
47,Nicholas Robertson,112-27-8552,"04233 Bartlett Throughway
New Joy, SD 97363",Y,miles
48,Kelly Crawford,391-08-9277,"Unit 5050 Box 2342
DPO AE 29754",Y,hours
49,Jamie Sanchez,088-17-2867,"379 Cody Street Suite 573
Jodiview, AS 87207",Y,miles
50,Kristen Smith,687-72-7740,"PSC 4742, Box 2785
APO AP 61673",N,miles
51,Melissa Nelson,151-72-0040,"86289 Felicia Ports Suite 814
Shawnmouth, DE 01883",N,hours
52,John Wells,367-63-8868,"412 Robbins Tunnel Apt. 888
South Vanessatown, VT 63255",Y,miles
53,Benjamin Ibarra,441-58-4271,"7933 Weaver Route Apt. 862
South Gloriastad, UT 70348",Y,hours
54,Charles Cross,668-78-3185,"153 Jessica Fall Apt. 924
East Jacobstad, VI 60030",N,hours
55,Dustin Hodge,116-87-8938,"561 Smith Vista
Youngfort, MA 22257",Y,hours
56,Samantha Reed,117-44-7058,"49649 Patel Isle Suite 497
West Heatherhaven, MA 74762",Y,hours
57,Patrick Patterson,859-24-5379,"324 Matthew Manors Suite 987
New Destiny, MS 62391",N,hours
58,James Valdez,561-08-5422,"523 Cristina Groves
Lake Tiffanytown, PW 44564",Y,miles
59,Lisa Martinez,267-57-0799,"USNS Collier
FPO AE 84244",N,hours
60,Julia Mcclain,637-92-9318,"234 Dana Mills Suite 625
North Debra, VT 81919",N,hours
61,Robert Smith,418-15-4565,"312 John Rue Suite 870
West Patrickton, OR 71498",Y,hours
62,Stephanie Alvarado,107-89-7224,"270 Johnston Rue Apt. 630
New Hollyhaven, SC 55686",Y,miles
63,Angela Frazier,531-91-9634,"0382 Wells Lane
East Michael, IA 62552",Y,hours
64,Katrina Hunter,295-10-5495,"58245 Avila Crossing
Frankmouth, MN 29974",N,miles
65,Brenda Scott,475-20-3739,"013 Jerome Hills
Matthewside, MO 22157",Y,miles
66,Jacob Robinson,544-42-7616,"8776 Norman Green Apt. 279
Dawnland, SC 64100",N,miles
67,Elizabeth Green,180-63-4452,"656 Copeland Points Apt. 093
New Josephmouth, MT 49670",Y,hours
68,Chloe Ramirez,311-96-0032,"73318 Chelsea Rest Suite 859
Hooverborough, PA 35112",Y,hours
69,Danielle Phillips,489-75-4235,"27060 John Lane Apt. 595
East Markmouth, NE 55242",N,hours
70,Kaylee Cole,462-74-1980,"USCGC Dean
FPO AE 12285",Y,hours
71,Patricia Torres,093-77-9477,"54069 Joshua Mill
Hallfort, NV 59584",N,miles
72,Andrea Jones,741-92-2528,"3995 Oconnor Street Apt. 059
Nicoletown, MI 85471",Y,miles
73,Mary Foster,481-41-9283,"09360 Moore Prairie
Jordanville, GA 88814",N,hours
74,Brittany Bishop,084-62-0968,"199 Jessica Plains Suite 920
Virginiatown, VA 51623",N,hours
75,Thomas Clark,669-24-8144,"USNV Nguyen
FPO AP 69447",Y,hours
76,Angela Thomas,439-06-1243,"496 Esparza Track Suite 291
Port Lisachester, LA 65119",N,hours
77,Patrick Schmidt,896-43-3800,"Unit 1715 Box 2779
DPO AE 64298",N,hours
78,Jonathan Hill,190-61-2256,"537 Ashley Forks
Samanthaberg, AK 87426",Y,hours
79,Maria Elliott,234-57-4275,"297 Bell Port Suite 845
South Elizabethside, PR 34524",Y,miles
80,Bryan Nguyen,887-66-1976,"611 Williams Park
Heatherborough, ND 30384",N,miles
81,Eric Mills,851-42-1923,"96341 Richard Park
Jennaview, PW 82318",N,miles
82,Eric Davis,786-55-5779,"505 Downs Drive Suite 985
Michaelport, OK 15517",N,miles
83,Haley Hernandez,136-42-6298,"90442 Dennis Fords
West Jennafurt, LA 65940",Y,miles
84,Ashley Sims,283-14-5118,"173 Richard Forks
East Bethburgh, ND 09905",N,hours
85,James Banks,223-28-1817,"860 Karen Passage Apt. 904
Port Patrick, UT 60267",Y,hours
86,Alejandra Miller,500-53-0405,"513 Bryan Mountains
East Jasonberg, AL 11418",Y,hours
87,Erica Carter,653-78-8360,"3673 Alexander Bridge
South Jessica, GA 16415",Y,miles
88,Bruce Robinson,128-18-1726,"9329 Harris Row
North Joseph, NE 01532",Y,miles
89,Laura Carter,862-72-0845,"889 Heather Plain
Robertmouth, PR 84091",N,miles
90,Robert Duffy,630-57-3116,"029 Davidson Trafficway
Paulborough, WV 70802",N,miles
91,Jessica Hayes,231-37-5293,"372 Dennis Extension Apt. 396
Hannahbury, KY 97062",Y,miles
92,Clifford Wells,410-16-9274,"3392 Jones Pine Suite 961
New Patricktown, MA 64884",N,hours
93,Kenneth Tucker,723-18-7784,"90400 Reynolds Square
New Crystal, ND 62009",N,miles
94,Diane Meyers,299-28-8154,"166 Melissa Path
West Stephanieburgh, WY 40353",N,miles
95,Danielle Allen,087-20-9232,"148 Lee Pines Suite 474
West Courtney, KY 48158",Y,hours
96,Debra Garza,537-05-1835,"1727 Stephanie Underpass
Clayton, FM 91473",N,miles
97,John Russell,755-84-2277,"8431 Bennett Brook
Nicholeside, WA 41877",Y,miles
98,Erik Daniels,749-23-6494,"50573 Carrie Unions
Lisachester, MI 93656",N,miles
99,Andrea Dean,255-66-1517,"13032 Massey Street Suite 366
South Michael, OK 51131",Y,miles
100,Cindy King,517-65-2812,"Unit 0871 Box 5017
DPO AA 83981",Y,miles
101,Pamela Lewis,529-97-4730,"3967 Kenneth Fork Suite 395
Harrisberg, CT 77198",N,miles
102,Patrick Lane,501-74-5466,"4951 Ramsey Manor Suite 792
Lake Nicolebury, MP 09636",N,hours
103,Allen Henry,386-95-1199,"0585 Carolyn Locks Apt. 802
Sullivanville, DE 96416",Y,hours
104,Jose Smith,089-46-2335,"6621 Laura Hills Suite 543
Harrischester, OR 61866",Y,miles
105,Cynthia Craig,167-09-0078,"5624 Jonathan Flats
Reneehaven, HI 20088",N,miles
106,Steve Campbell,377-27-5072,"20320 David Hills Suite 363
Port Jennifer, TX 74886",N,hours
107,Joseph Graham,113-92-0443,"1956 Timothy Falls
Smithview, TN 47044",Y,hours
108,Tommy Castillo,315-16-9293,"87313 Scott Orchard
Princeborough, NJ 53555",N,miles
109,Chelsea Stein,519-73-8383,"PSC 6118, Box 0431
APO AE 59837",N,hours
